case_id,created_date,category,priority,transcript,resolution_status
CASE00008,2024-01-03,食品,中,【2024-01-03 受付】定期購入の解約方法を教えてください。マイページから操作しても解約できないエラーが発生します。 / 【対応記録】担当者がお客様に連絡を取り、状況を詳しく確認しました。,未対応
CASE00121,2024-01-03,スポーツ,低,【2024-01-03 受付】ランニングシューズのソールが剥がれてきました。購入から6ヶ月ですが、週に3回程度使用しています。保証対応はありますか？ / 【対応記録】担当者がお客様に連絡を取り、状況を詳しく確認しました。,対応中
CASE00268,2024-01-05,家電,高,【2024-01-05 受付】スマートフォンの画面が突然暗くなってしまいます。充電は十分あるのですが、何度か電源を入れ直しても改善しません。購入から3ヶ月ほど経ちます。 / 【対応記録】担当者がお客様に連絡を取り、状況を詳しく確認しました。,対応中
CASE00246,2024-01-07,食品,中,【2024-01-07 受付】賞味期限が記載された日より前に開封したところ、異臭がしました。品質管理の問題があるのではないでしょうか。 / 【対応記録】担当者がお客様に連絡を取り、状況を詳しく確認しました。 / 【解決】お客様のご要望に応じた対応を完了しました。ご不便をおかけしました。,解決済み
CASE00153,2024-01-11,家電,高,【2024-01-11 受付】ノートPCのバッテリーが急速に消耗します。フル充電から2時間程度しか持ちません。購入時は8時間以上持つとのことでした。 / 【対応記録】担当者がお客様に連絡を取り、状況を詳しく確認しました。,未対応
CASE00290,2024-01-11,食品,高,【2024-01-11 受付】アレルギー表示について確認したいです。購入した商品の成分表に小麦が含まれているか明記されていませんでした。 / 【対応記録】担当者がお客様に連絡を取り、状況を詳しく確認しました。 / 【解決】お客様のご要望に応じた対応を完了しました。ご不便をおかけしました。,解決済み
CASE00114,2024-01-12,衣料品,低,【2024-01-12 受付】サイズ交換をお願いしたいです。Mサイズを購入しましたが、着用してみると少し小さく感じます。Lサイズと交換可能でしょうか。 / 【対応記録】担当者がお客様に連絡を取り、状況を詳しく確認しました。 / 【解決】お客様のご要望に応じた対応を完了しました。ご不便をおかけしました。,解決済み
CASE00138,2024-01-16,衣料品,高,【2024-01-16 受付】サイズ交換をお願いしたいです。Mサイズを購入しましたが、着用してみると少し小さく感じます。Lサイズと交換可能でしょうか。 / 【対応記録】担当者がお客様に連絡を取り、状況を詳しく確認しました。,対応中
CASE00002,2024-01-20,食品,中,【2024-01-20 受付】賞味期限が記載された日より前に開封したところ、異臭がしました。品質管理の問題があるのではないでしょうか。 / 【対応記録】担当者がお客様に連絡を取り、状況を詳しく確認しました。,対応中
CASE00048,2024-01-20,家電,中,【2024-01-20 受付】イヤホンを接続してもBluetoothがすぐに切れてしまいます。他のデバイスでは問題ないため、製品の不具合ではないかと疑っています。 / 【対応記録】担当者がお客様に連絡を取り、状況を詳しく確認しました。,対応中
CASE00151,2024-01-26,スポーツ,低,【2024-01-26 受付】フィットネス器具の組み立て説明書が不明確で、正しく組み立てられているか不安です。動画での説明はありますか？ / 【対応記録】担当者がお客様に連絡を取り、状況を詳しく確認しました。,未対応
CASE00171,2024-02-03,食品,低,【2024-02-03 受付】賞味期限が記載された日より前に開封したところ、異臭がしました。品質管理の問題があるのではないでしょうか。 / 【対応記録】担当者がお客様に連絡を取り、状況を詳しく確認しました。,対応中
CASE00225,2024-02-03,食品,低,【2024-02-03 受付】アレルギー表示について確認したいです。購入した商品の成分表に小麦が含まれているか明記されていませんでした。 / 【対応記録】担当者がお客様に連絡を取り、状況を詳しく確認しました。,未対応
CASE00051,2024-02-06,食品,低,【2024-02-06 受付】アレルギー表示について確認したいです。購入した商品の成分表に小麦が含まれているか明記されていませんでした。 / 【対応記録】担当者がお客様に連絡を取り、状況を詳しく確認しました。,対応中
CASE00050,2024-02-10,衣料品,中,【2024-02-10 受付】カラーが写真と違います。モニターの問題かもしれませんが、実物はかなり暗い色調でイメージと異なりました。 / 【対応記録】担当者がお客様に連絡を取り、状況を詳しく確認しました。 / 【解決】お客様のご要望に応じた対応を完了しました。ご不便をおかけしました。,解決済み
CASE00252,2024-02-13,衣料品,低,【2024-02-13 受付】サイズ交換をお願いしたいです。Mサイズを購入しましたが、着用してみると少し小さく感じます。Lサイズと交換可能でしょうか。 / 【対応記録】担当者がお客様に連絡を取り、状況を詳しく確認しました。,未対応
CASE00297,2024-02-15,家電,低,【2024-02-15 受付】スマートウォッチのGPS機能が正確に動作しません。ランニング中に計測した距離が実際より短く表示されます。 / 【対応記録】担当者がお客様に連絡を取り、状況を詳しく確認しました。 / 【解決】お客様のご要望に応じた対応を完了しました。ご不便をおかけしました。,解決済み
CASE00063,2024-02-16,スポーツ,中,【2024-02-16 受付】ランニングシューズのソールが剥がれてきました。購入から6ヶ月ですが、週に3回程度使用しています。保証対応はありますか？ / 【対応記録】担当者がお客様に連絡を取り、状況を詳しく確認しました。 / 【解決】お客様のご要望に応じた対応を完了しました。ご不便をおかけしました。,解決済み
CASE00163,2024-02-18,スポーツ,高,【2024-02-18 受付】アウトドアグッズの防水性能について確認したいです。小雨程度は問題ないとのことでしたが、先日の使用で濡れてしまいました。 / 【対応記録】担当者がお客様に連絡を取り、状況を詳しく確認しました。 / 【解決】お客様のご要望に応じた対応を完了しました。ご不便をおかけしました。,解決済み
CASE00239,2024-02-19,家電,中,【2024-02-19 受付】スマートフォンの画面が突然暗くなってしまいます。充電は十分あるのですが、何度か電源を入れ直しても改善しません。購入から3ヶ月ほど経ちます。 / 【対応記録】担当者がお客様に連絡を取り、状況を詳しく確認しました。,対応中
CASE00013,2024-02-22,美容・健康,高,【2024-02-22 受付】サプリメントの服用方法について教えてください。食前と食後のどちらが効果的でしょうか？ / 【対応記録】担当者がお客様に連絡を取り、状況を詳しく確認しました。 / 【解決】お客様のご要望に応じた対応を完了しました。ご不便をおかけしました。,解決済み
CASE00228,2024-02-23,衣料品,高,【2024-02-23 受付】カラーが写真と違います。モニターの問題かもしれませんが、実物はかなり暗い色調でイメージと異なりました。 / 【対応記録】担当者がお客様に連絡を取り、状況を詳しく確認しました。 / 【解決】お客様のご要望に応じた対応を完了しました。ご不便をおかけしました。,解決済み
CASE00141,2024-02-24,家電,高,【2024-02-24 受付】イヤホンを接続してもBluetoothがすぐに切れてしまいます。他のデバイスでは問題ないため、製品の不具合ではないかと疑っています。 / 【対応記録】担当者がお客様に連絡を取り、状況を詳しく確認しました。,未対応
CASE00222,2024-02-26,スポーツ,中,【2024-02-26 受付】ランニングシューズのソールが剥がれてきました。購入から6ヶ月ですが、週に3回程度使用しています。保証対応はありますか？ / 【対応記録】担当者がお客様に連絡を取り、状況を詳しく確認しました。 / 【解決】お客様のご要望に応じた対応を完了しました。ご不便をおかけしました。,解決済み
CASE00278,2024-02-26,食品,中,【2024-02-26 受付】定期購入の解約方法を教えてください。マイページから操作しても解約できないエラーが発生します。 / 【対応記録】担当者がお客様に連絡を取り、状況を詳しく確認しました。,対応中
CASE00017,2024-03-14,食品,中,【2024-03-14 受付】定期購入の解約方法を教えてください。マイページから操作しても解約できないエラーが発生します。 / 【対応記録】担当者がお客様に連絡を取り、状況を詳しく確認しました。,未対応
CASE00254,2024-03-17,スポーツ,高,【2024-03-17 受付】アウトドアグッズの防水性能について確認したいです。小雨程度は問題ないとのことでしたが、先日の使用で濡れてしまいました。 / 【対応記録】担当者がお客様に連絡を取り、状況を詳しく確認しました。,対応中
CASE00261,2024-03-19,衣料品,中,【2024-03-19 受付】洗濯後に縮んでしまいました。洗濯表示通りに洗ったつもりですが、1サイズ小さくなった感覚があります。返品対応は可能ですか？ / 【対応記録】担当者がお客様に連絡を取り、状況を詳しく確認しました。 / 【解決】お客様のご要望に応じた対応を完了しました。ご不便をおかけしました。,解決済み
CASE00271,2024-03-22,家電,高,【2024-03-22 受付】ノートPCのバッテリーが急速に消耗します。フル充電から2時間程度しか持ちません。購入時は8時間以上持つとのことでした。 / 【対応記録】担当者がお客様に連絡を取り、状況を詳しく確認しました。 / 【解決】お客様のご要望に応じた対応を完了しました。ご不便をおかけしました。,解決済み
CASE00157,2024-03-25,家電,中,【2024-03-25 受付】スマートフォンの画面が突然暗くなってしまいます。充電は十分あるのですが、何度か電源を入れ直しても改善しません。購入から3ヶ月ほど経ちます。 / 【対応記録】担当者がお客様に連絡を取り、状況を詳しく確認しました。,対応中
CASE00100,2024-03-28,衣料品,中,【2024-03-28 受付】サイズ交換をお願いしたいです。Mサイズを購入しましたが、着用してみると少し小さく感じます。Lサイズと交換可能でしょうか。 / 【対応記録】担当者がお客様に連絡を取り、状況を詳しく確認しました。,対応中
CASE00194,2024-04-04,食品,高,【2024-04-04 受付】賞味期限が記載された日より前に開封したところ、異臭がしました。品質管理の問題があるのではないでしょうか。 / 【対応記録】担当者がお客様に連絡を取り、状況を詳しく確認しました。,対応中
CASE00175,2024-04-05,食品,低,【2024-04-05 受付】アレルギー表示について確認したいです。購入した商品の成分表に小麦が含まれているか明記されていませんでした。 / 【対応記録】担当者がお客様に連絡を取り、状況を詳しく確認しました。,対応中
CASE00255,2024-04-05,美容・健康,中,【2024-04-05 受付】スキンケア商品を使用後に肌が赤くなってしまいました。敏感肌用とのことでしたが、刺激が強いようです。返品できますか？ / 【対応記録】担当者がお客様に連絡を取り、状況を詳しく確認しました。,未対応
CASE00112,2024-04-09,家電,中,【2024-04-09 受付】イヤホンを接続してもBluetoothがすぐに切れてしまいます。他のデバイスでは問題ないため、製品の不具合ではないかと疑っています。 / 【対応記録】担当者がお客様に連絡を取り、状況を詳しく確認しました。 / 【解決】お客様のご要望に応じた対応を完了しました。ご不便をおかけしました。,解決済み
CASE00169,2024-04-12,スポーツ,高,【2024-04-12 受付】ランニングシューズのソールが剥がれてきました。購入から6ヶ月ですが、週に3回程度使用しています。保証対応はありますか？ / 【対応記録】担当者がお客様に連絡を取り、状況を詳しく確認しました。,対応中
CASE00127,2024-04-15,スポーツ,低,【2024-04-15 受付】フィットネス器具の組み立て説明書が不明確で、正しく組み立てられているか不安です。動画での説明はありますか？ / 【対応記録】担当者がお客様に連絡を取り、状況を詳しく確認しました。,対応中
CASE00021,2024-04-16,衣料品,中,【2024-04-16 受付】サイズ交換をお願いしたいです。Mサイズを購入しましたが、着用してみると少し小さく感じます。Lサイズと交換可能でしょうか。 / 【対応記録】担当者がお客様に連絡を取り、状況を詳しく確認しました。,対応中
CASE00132,2024-04-21,美容・健康,高,【2024-04-21 受付】スキンケア商品を使用後に肌が赤くなってしまいました。敏感肌用とのことでしたが、刺激が強いようです。返品できますか？ / 【対応記録】担当者がお客様に連絡を取り、状況を詳しく確認しました。,未対応
CASE00011,2024-04-25,食品,中,【2024-04-25 受付】賞味期限が記載された日より前に開封したところ、異臭がしました。品質管理の問題があるのではないでしょうか。 / 【対応記録】担当者がお客様に連絡を取り、状況を詳しく確認しました。 / 【解決】お客様のご要望に応じた対応を完了しました。ご不便をおかけしました。,解決済み
CASE00199,2024-04-30,家電,高,【2024-04-30 受付】イヤホンを接続してもBluetoothがすぐに切れてしまいます。他のデバイスでは問題ないため、製品の不具合ではないかと疑っています。 / 【対応記録】担当者がお客様に連絡を取り、状況を詳しく確認しました。 / 【解決】お客様のご要望に応じた対応を完了しました。ご不便をおかけしました。,解決済み
CASE00046,2024-05-05,スポーツ,高,【2024-05-05 受付】ランニングシューズのソールが剥がれてきました。購入から6ヶ月ですが、週に3回程度使用しています。保証対応はありますか？ / 【対応記録】担当者がお客様に連絡を取り、状況を詳しく確認しました。 / 【解決】お客様のご要望に応じた対応を完了しました。ご不便をおかけしました。,解決済み
CASE00014,2024-05-06,食品,中,【2024-05-06 受付】賞味期限が記載された日より前に開封したところ、異臭がしました。品質管理の問題があるのではないでしょうか。 / 【対応記録】担当者がお客様に連絡を取り、状況を詳しく確認しました。,未対応
CASE00223,2024-05-06,家電,低,【2024-05-06 受付】ノートPCのバッテリーが急速に消耗します。フル充電から2時間程度しか持ちません。購入時は8時間以上持つとのことでした。 / 【対応記録】担当者がお客様に連絡を取り、状況を詳しく確認しました。,未対応
CASE00086,2024-05-09,美容・健康,高,【2024-05-09 受付】サプリメントの服用方法について教えてください。食前と食後のどちらが効果的でしょうか？ / 【対応記録】担当者がお客様に連絡を取り、状況を詳しく確認しました。 / 【解決】お客様のご要望に応じた対応を完了しました。ご不便をおかけしました。,解決済み
CASE00064,2024-05-11,家電,低,【2024-05-11 受付】ノートPCのバッテリーが急速に消耗します。フル充電から2時間程度しか持ちません。購入時は8時間以上持つとのことでした。 / 【対応記録】担当者がお客様に連絡を取り、状況を詳しく確認しました。,未対応
CASE00300,2024-05-12,食品,低,【2024-05-12 受付】賞味期限が記載された日より前に開封したところ、異臭がしました。品質管理の問題があるのではないでしょうか。 / 【対応記録】担当者がお客様に連絡を取り、状況を詳しく確認しました。 / 【解決】お客様のご要望に応じた対応を完了しました。ご不便をおかけしました。,解決済み
CASE00253,2024-05-13,家電,高,【2024-05-13 受付】ノートPCのバッテリーが急速に消耗します。フル充電から2時間程度しか持ちません。購入時は8時間以上持つとのことでした。 / 【対応記録】担当者がお客様に連絡を取り、状況を詳しく確認しました。 / 【解決】お客様のご要望に応じた対応を完了しました。ご不便をおかけしました。,解決済み
CASE00258,2024-05-14,スポーツ,低,【2024-05-14 受付】フィットネス器具の組み立て説明書が不明確で、正しく組み立てられているか不安です。動画での説明はありますか？ / 【対応記録】担当者がお客様に連絡を取り、状況を詳しく確認しました。,対応中
CASE00214,2024-05-15,スポーツ,低,【2024-05-15 受付】アウトドアグッズの防水性能について確認したいです。小雨程度は問題ないとのことでしたが、先日の使用で濡れてしまいました。 / 【対応記録】担当者がお客様に連絡を取り、状況を詳しく確認しました。,対応中
CASE00148,2024-05-21,衣料品,高,【2024-05-21 受付】カラーが写真と違います。モニターの問題かもしれませんが、実物はかなり暗い色調でイメージと異なりました。 / 【対応記録】担当者がお客様に連絡を取り、状況を詳しく確認しました。,対応中
CASE00120,2024-05-27,家電,中,【2024-05-27 受付】スマートウォッチのGPS機能が正確に動作しません。ランニング中に計測した距離が実際より短く表示されます。 / 【対応記録】担当者がお客様に連絡を取り、状況を詳しく確認しました。,未対応
CASE00124,2024-05-30,家電,低,【2024-05-30 受付】スマートフォンの画面が突然暗くなってしまいます。充電は十分あるのですが、何度か電源を入れ直しても改善しません。購入から3ヶ月ほど経ちます。 / 【対応記録】担当者がお客様に連絡を取り、状況を詳しく確認しました。,対応中
CASE00079,2024-06-06,食品,低,【2024-06-06 受付】アレルギー表示について確認したいです。購入した商品の成分表に小麦が含まれているか明記されていませんでした。 / 【対応記録】担当者がお客様に連絡を取り、状況を詳しく確認しました。 / 【解決】お客様のご要望に応じた対応を完了しました。ご不便をおかけしました。,解決済み
CASE00292,2024-06-06,衣料品,中,【2024-06-06 受付】サイズ交換をお願いしたいです。Mサイズを購入しましたが、着用してみると少し小さく感じます。Lサイズと交換可能でしょうか。 / 【対応記録】担当者がお客様に連絡を取り、状況を詳しく確認しました。 / 【解決】お客様のご要望に応じた対応を完了しました。ご不便をおかけしました。,解決済み
CASE00129,2024-06-14,食品,低,【2024-06-14 受付】アレルギー表示について確認したいです。購入した商品の成分表に小麦が含まれているか明記されていませんでした。 / 【対応記録】担当者がお客様に連絡を取り、状況を詳しく確認しました。,対応中
CASE00162,2024-06-15,家電,中,【2024-06-15 受付】スマートウォッチのGPS機能が正確に動作しません。ランニング中に計測した距離が実際より短く表示されます。 / 【対応記録】担当者がお客様に連絡を取り、状況を詳しく確認しました。 / 【解決】お客様のご要望に応じた対応を完了しました。ご不便をおかけしました。,解決済み
CASE00109,2024-06-18,家電,中,【2024-06-18 受付】スマートフォンの画面が突然暗くなってしまいます。充電は十分あるのですが、何度か電源を入れ直しても改善しません。購入から3ヶ月ほど経ちます。 / 【対応記録】担当者がお客様に連絡を取り、状況を詳しく確認しました。 / 【解決】お客様のご要望に応じた対応を完了しました。ご不便をおかけしました。,解決済み
CASE00087,2024-06-19,家電,低,【2024-06-19 受付】イヤホンを接続してもBluetoothがすぐに切れてしまいます。他のデバイスでは問題ないため、製品の不具合ではないかと疑っています。 / 【対応記録】担当者がお客様に連絡を取り、状況を詳しく確認しました。,対応中
CASE00205,2024-06-19,食品,低,【2024-06-19 受付】アレルギー表示について確認したいです。購入した商品の成分表に小麦が含まれているか明記されていませんでした。 / 【対応記録】担当者がお客様に連絡を取り、状況を詳しく確認しました。,未対応
CASE00226,2024-06-20,衣料品,高,【2024-06-20 受付】洗濯後に縮んでしまいました。洗濯表示通りに洗ったつもりですが、1サイズ小さくなった感覚があります。返品対応は可能ですか？ / 【対応記録】担当者がお客様に連絡を取り、状況を詳しく確認しました。 / 【解決】お客様のご要望に応じた対応を完了しました。ご不便をおかけしました。,解決済み
CASE00113,2024-06-22,スポーツ,中,【2024-06-22 受付】フィットネス器具の組み立て説明書が不明確で、正しく組み立てられているか不安です。動画での説明はありますか？ / 【対応記録】担当者がお客様に連絡を取り、状況を詳しく確認しました。 / 【解決】お客様のご要望に応じた対応を完了しました。ご不便をおかけしました。,解決済み
CASE00019,2024-06-26,食品,中,【2024-06-26 受付】賞味期限が記載された日より前に開封したところ、異臭がしました。品質管理の問題があるのではないでしょうか。 / 【対応記録】担当者がお客様に連絡を取り、状況を詳しく確認しました。,対応中
CASE00080,2024-06-27,食品,高,【2024-06-27 受付】定期購入の解約方法を教えてください。マイページから操作しても解約できないエラーが発生します。 / 【対応記録】担当者がお客様に連絡を取り、状況を詳しく確認しました。,対応中
CASE00150,2024-06-27,家電,低,【2024-06-27 受付】イヤホンを接続してもBluetoothがすぐに切れてしまいます。他のデバイスでは問題ないため、製品の不具合ではないかと疑っています。 / 【対応記録】担当者がお客様に連絡を取り、状況を詳しく確認しました。,対応中
CASE00101,2024-07-11,スポーツ,低,【2024-07-11 受付】フィットネス器具の組み立て説明書が不明確で、正しく組み立てられているか不安です。動画での説明はありますか？ / 【対応記録】担当者がお客様に連絡を取り、状況を詳しく確認しました。 / 【解決】お客様のご要望に応じた対応を完了しました。ご不便をおかけしました。,解決済み
CASE00143,2024-07-11,食品,高,【2024-07-11 受付】アレルギー表示について確認したいです。購入した商品の成分表に小麦が含まれているか明記されていませんでした。 / 【対応記録】担当者がお客様に連絡を取り、状況を詳しく確認しました。,未対応
CASE00286,2024-07-12,衣料品,低,【2024-07-12 受付】サイズ交換をお願いしたいです。Mサイズを購入しましたが、着用してみると少し小さく感じます。Lサイズと交換可能でしょうか。 / 【対応記録】担当者がお客様に連絡を取り、状況を詳しく確認しました。 / 【解決】お客様のご要望に応じた対応を完了しました。ご不便をおかけしました。,解決済み
CASE00235,2024-07-14,食品,低,【2024-07-14 受付】賞味期限が記載された日より前に開封したところ、異臭がしました。品質管理の問題があるのではないでしょうか。 / 【対応記録】担当者がお客様に連絡を取り、状況を詳しく確認しました。,対応中
CASE00156,2024-07-15,美容・健康,低,【2024-07-15 受付】サプリメントの服用方法について教えてください。食前と食後のどちらが効果的でしょうか？ / 【対応記録】担当者がお客様に連絡を取り、状況を詳しく確認しました。,未対応
CASE00034,2024-07-17,食品,高,【2024-07-17 受付】アレルギー表示について確認したいです。購入した商品の成分表に小麦が含まれているか明記されていませんでした。 / 【対応記録】担当者がお客様に連絡を取り、状況を詳しく確認しました。 / 【解決】お客様のご要望に応じた対応を完了しました。ご不便をおかけしました。,解決済み
CASE00067,2024-07-17,美容・健康,高,【2024-07-17 受付】スキンケア商品を使用後に肌が赤くなってしまいました。敏感肌用とのことでしたが、刺激が強いようです。返品できますか？ / 【対応記録】担当者がお客様に連絡を取り、状況を詳しく確認しました。 / 【解決】お客様のご要望に応じた対応を完了しました。ご不便をおかけしました。,解決済み
CASE00075,2024-07-19,家電,高,【2024-07-19 受付】スマートウォッチのGPS機能が正確に動作しません。ランニング中に計測した距離が実際より短く表示されます。 / 【対応記録】担当者がお客様に連絡を取り、状況を詳しく確認しました。,未対応
CASE00154,2024-07-22,衣料品,低,【2024-07-22 受付】カラーが写真と違います。モニターの問題かもしれませんが、実物はかなり暗い色調でイメージと異なりました。 / 【対応記録】担当者がお客様に連絡を取り、状況を詳しく確認しました。,対応中
CASE00004,2024-08-03,美容・健康,高,【2024-08-03 受付】サプリメントの服用方法について教えてください。食前と食後のどちらが効果的でしょうか？ / 【対応記録】担当者がお客様に連絡を取り、状況を詳しく確認しました。,対応中
CASE00206,2024-08-03,衣料品,中,【2024-08-03 受付】洗濯後に縮んでしまいました。洗濯表示通りに洗ったつもりですが、1サイズ小さくなった感覚があります。返品対応は可能ですか？ / 【対応記録】担当者がお客様に連絡を取り、状況を詳しく確認しました。,未対応
CASE00035,2024-08-06,家電,低,【2024-08-06 受付】スマートウォッチのGPS機能が正確に動作しません。ランニング中に計測した距離が実際より短く表示されます。 / 【対応記録】担当者がお客様に連絡を取り、状況を詳しく確認しました。,未対応
CASE00065,2024-08-07,衣料品,高,【2024-08-07 受付】洗濯後に縮んでしまいました。洗濯表示通りに洗ったつもりですが、1サイズ小さくなった感覚があります。返品対応は可能ですか？ / 【対応記録】担当者がお客様に連絡を取り、状況を詳しく確認しました。 / 【解決】お客様のご要望に応じた対応を完了しました。ご不便をおかけしました。,解決済み
CASE00105,2024-08-09,スポーツ,中,【2024-08-09 受付】ランニングシューズのソールが剥がれてきました。購入から6ヶ月ですが、週に3回程度使用しています。保証対応はありますか？ / 【対応記録】担当者がお客様に連絡を取り、状況を詳しく確認しました。,未対応
CASE00193,2024-08-10,食品,低,【2024-08-10 受付】定期購入の解約方法を教えてください。マイページから操作しても解約できないエラーが発生します。 / 【対応記録】担当者がお客様に連絡を取り、状況を詳しく確認しました。 / 【解決】お客様のご要望に応じた対応を完了しました。ご不便をおかけしました。,解決済み
CASE00128,2024-08-15,家電,低,【2024-08-15 受付】スマートフォンの画面が突然暗くなってしまいます。充電は十分あるのですが、何度か電源を入れ直しても改善しません。購入から3ヶ月ほど経ちます。 / 【対応記録】担当者がお客様に連絡を取り、状況を詳しく確認しました。 / 【解決】お客様のご要望に応じた対応を完了しました。ご不便をおかけしました。,解決済み
CASE00072,2024-08-18,食品,低,【2024-08-18 受付】賞味期限が記載された日より前に開封したところ、異臭がしました。品質管理の問題があるのではないでしょうか。 / 【対応記録】担当者がお客様に連絡を取り、状況を詳しく確認しました。,対応中
CASE00071,2024-08-20,食品,低,【2024-08-20 受付】アレルギー表示について確認したいです。購入した商品の成分表に小麦が含まれているか明記されていませんでした。 / 【対応記録】担当者がお客様に連絡を取り、状況を詳しく確認しました。,対応中
CASE00077,2024-08-21,衣料品,低,【2024-08-21 受付】カラーが写真と違います。モニターの問題かもしれませんが、実物はかなり暗い色調でイメージと異なりました。 / 【対応記録】担当者がお客様に連絡を取り、状況を詳しく確認しました。,対応中
CASE00187,2024-08-21,衣料品,中,【2024-08-21 受付】サイズ交換をお願いしたいです。Mサイズを購入しましたが、着用してみると少し小さく感じます。Lサイズと交換可能でしょうか。 / 【対応記録】担当者がお客様に連絡を取り、状況を詳しく確認しました。 / 【解決】お客様のご要望に応じた対応を完了しました。ご不便をおかけしました。,解決済み
CASE00066,2024-08-24,衣料品,高,【2024-08-24 受付】カラーが写真と違います。モニターの問題かもしれませんが、実物はかなり暗い色調でイメージと異なりました。 / 【対応記録】担当者がお客様に連絡を取り、状況を詳しく確認しました。,対応中
CASE00155,2024-08-24,衣料品,中,【2024-08-24 受付】カラーが写真と違います。モニターの問題かもしれませんが、実物はかなり暗い色調でイメージと異なりました。 / 【対応記録】担当者がお客様に連絡を取り、状況を詳しく確認しました。,未対応
CASE00176,2024-08-25,衣料品,低,【2024-08-25 受付】カラーが写真と違います。モニターの問題かもしれませんが、実物はかなり暗い色調でイメージと異なりました。 / 【対応記録】担当者がお客様に連絡を取り、状況を詳しく確認しました。,未対応
CASE00227,2024-08-25,衣料品,高,【2024-08-25 受付】サイズ交換をお願いしたいです。Mサイズを購入しましたが、着用してみると少し小さく感じます。Lサイズと交換可能でしょうか。 / 【対応記録】担当者がお客様に連絡を取り、状況を詳しく確認しました。,未対応
CASE00185,2024-08-26,食品,低,【2024-08-26 受付】定期購入の解約方法を教えてください。マイページから操作しても解約できないエラーが発生します。 / 【対応記録】担当者がお客様に連絡を取り、状況を詳しく確認しました。 / 【解決】お客様のご要望に応じた対応を完了しました。ご不便をおかけしました。,解決済み
CASE00266,2024-08-28,衣料品,低,【2024-08-28 受付】サイズ交換をお願いしたいです。Mサイズを購入しましたが、着用してみると少し小さく感じます。Lサイズと交換可能でしょうか。 / 【対応記録】担当者がお客様に連絡を取り、状況を詳しく確認しました。 / 【解決】お客様のご要望に応じた対応を完了しました。ご不便をおかけしました。,解決済み
CASE00288,2024-08-31,家電,高,【2024-08-31 受付】スマートウォッチのGPS機能が正確に動作しません。ランニング中に計測した距離が実際より短く表示されます。 / 【対応記録】担当者がお客様に連絡を取り、状況を詳しく確認しました。,未対応
CASE00178,2024-09-01,スポーツ,低,【2024-09-01 受付】ランニングシューズのソールが剥がれてきました。購入から6ヶ月ですが、週に3回程度使用しています。保証対応はありますか？ / 【対応記録】担当者がお客様に連絡を取り、状況を詳しく確認しました。,対応中
CASE00061,2024-09-02,食品,中,【2024-09-02 受付】賞味期限が記載された日より前に開封したところ、異臭がしました。品質管理の問題があるのではないでしょうか。 / 【対応記録】担当者がお客様に連絡を取り、状況を詳しく確認しました。,未対応
CASE00111,2024-09-05,食品,高,【2024-09-05 受付】賞味期限が記載された日より前に開封したところ、異臭がしました。品質管理の問題があるのではないでしょうか。 / 【対応記録】担当者がお客様に連絡を取り、状況を詳しく確認しました。,対応中
CASE00242,2024-09-08,家電,低,【2024-09-08 受付】イヤホンを接続してもBluetoothがすぐに切れてしまいます。他のデバイスでは問題ないため、製品の不具合ではないかと疑っています。 / 【対応記録】担当者がお客様に連絡を取り、状況を詳しく確認しました。 / 【解決】お客様のご要望に応じた対応を完了しました。ご不便をおかけしました。,解決済み
CASE00038,2024-09-14,食品,中,【2024-09-14 受付】アレルギー表示について確認したいです。購入した商品の成分表に小麦が含まれているか明記されていませんでした。 / 【対応記録】担当者がお客様に連絡を取り、状況を詳しく確認しました。,未対応
CASE00240,2024-09-16,スポーツ,中,【2024-09-16 受付】フィットネス器具の組み立て説明書が不明確で、正しく組み立てられているか不安です。動画での説明はありますか？ / 【対応記録】担当者がお客様に連絡を取り、状況を詳しく確認しました。,未対応
CASE00244,2024-09-19,家電,中,【2024-09-19 受付】ノートPCのバッテリーが急速に消耗します。フル充電から2時間程度しか持ちません。購入時は8時間以上持つとのことでした。 / 【対応記録】担当者がお客様に連絡を取り、状況を詳しく確認しました。,対応中
CASE00209,2024-09-21,美容・健康,低,【2024-09-21 受付】サプリメントの服用方法について教えてください。食前と食後のどちらが効果的でしょうか？ / 【対応記録】担当者がお客様に連絡を取り、状況を詳しく確認しました。,対応中
CASE00179,2024-09-22,家電,中,【2024-09-22 受付】イヤホンを接続してもBluetoothがすぐに切れてしまいます。他のデバイスでは問題ないため、製品の不具合ではないかと疑っています。 / 【対応記録】担当者がお客様に連絡を取り、状況を詳しく確認しました。,未対応
CASE00291,2024-09-22,食品,低,【2024-09-22 受付】賞味期限が記載された日より前に開封したところ、異臭がしました。品質管理の問題があるのではないでしょうか。 / 【対応記録】担当者がお客様に連絡を取り、状況を詳しく確認しました。,対応中
CASE00108,2024-09-23,食品,高,【2024-09-23 受付】アレルギー表示について確認したいです。購入した商品の成分表に小麦が含まれているか明記されていませんでした。 / 【対応記録】担当者がお客様に連絡を取り、状況を詳しく確認しました。,未対応
CASE00033,2024-09-25,美容・健康,高,【2024-09-25 受付】サプリメントの服用方法について教えてください。食前と食後のどちらが効果的でしょうか？ / 【対応記録】担当者がお客様に連絡を取り、状況を詳しく確認しました。,未対応
CASE00207,2024-10-01,美容・健康,高,【2024-10-01 受付】サプリメントの服用方法について教えてください。食前と食後のどちらが効果的でしょうか？ / 【対応記録】担当者がお客様に連絡を取り、状況を詳しく確認しました。 / 【解決】お客様のご要望に応じた対応を完了しました。ご不便をおかけしました。,解決済み
CASE00068,2024-10-05,衣料品,低,【2024-10-05 受付】サイズ交換をお願いしたいです。Mサイズを購入しましたが、着用してみると少し小さく感じます。Lサイズと交換可能でしょうか。 / 【対応記録】担当者がお客様に連絡を取り、状況を詳しく確認しました。 / 【解決】お客様のご要望に応じた対応を完了しました。ご不便をおかけしました。,解決済み
CASE00275,2024-10-05,家電,中,【2024-10-05 受付】イヤホンを接続してもBluetoothがすぐに切れてしまいます。他のデバイスでは問題ないため、製品の不具合ではないかと疑っています。 / 【対応記録】担当者がお客様に連絡を取り、状況を詳しく確認しました。,対応中
CASE00283,2024-10-09,家電,高,【2024-10-09 受付】ノートPCのバッテリーが急速に消耗します。フル充電から2時間程度しか持ちません。購入時は8時間以上持つとのことでした。 / 【対応記録】担当者がお客様に連絡を取り、状況を詳しく確認しました。 / 【解決】お客様のご要望に応じた対応を完了しました。ご不便をおかけしました。,解決済み
CASE00107,2024-10-13,食品,高,【2024-10-13 受付】定期購入の解約方法を教えてください。マイページから操作しても解約できないエラーが発生します。 / 【対応記録】担当者がお客様に連絡を取り、状況を詳しく確認しました。,対応中
CASE00230,2024-10-13,食品,中,【2024-10-13 受付】アレルギー表示について確認したいです。購入した商品の成分表に小麦が含まれているか明記されていませんでした。 / 【対応記録】担当者がお客様に連絡を取り、状況を詳しく確認しました。 / 【解決】お客様のご要望に応じた対応を完了しました。ご不便をおかけしました。,解決済み
CASE00097,2024-10-20,スポーツ,高,【2024-10-20 受付】アウトドアグッズの防水性能について確認したいです。小雨程度は問題ないとのことでしたが、先日の使用で濡れてしまいました。 / 【対応記録】担当者がお客様に連絡を取り、状況を詳しく確認しました。 / 【解決】お客様のご要望に応じた対応を完了しました。ご不便をおかけしました。,解決済み
CASE00241,2024-10-21,スポーツ,中,【2024-10-21 受付】フィットネス器具の組み立て説明書が不明確で、正しく組み立てられているか不安です。動画での説明はありますか？ / 【対応記録】担当者がお客様に連絡を取り、状況を詳しく確認しました。,対応中
CASE00202,2024-10-23,美容・健康,中,【2024-10-23 受付】サプリメントの服用方法について教えてください。食前と食後のどちらが効果的でしょうか？ / 【対応記録】担当者がお客様に連絡を取り、状況を詳しく確認しました。,未対応
CASE00198,2024-11-02,衣料品,中,【2024-11-02 受付】カラーが写真と違います。モニターの問題かもしれませんが、実物はかなり暗い色調でイメージと異なりました。 / 【対応記録】担当者がお客様に連絡を取り、状況を詳しく確認しました。,対応中
CASE00037,2024-11-03,家電,高,【2024-11-03 受付】スマートフォンの画面が突然暗くなってしまいます。充電は十分あるのですが、何度か電源を入れ直しても改善しません。購入から3ヶ月ほど経ちます。 / 【対応記録】担当者がお客様に連絡を取り、状況を詳しく確認しました。,対応中
CASE00265,2024-11-03,家電,高,【2024-11-03 受付】イヤホンを接続してもBluetoothがすぐに切れてしまいます。他のデバイスでは問題ないため、製品の不具合ではないかと疑っています。 / 【対応記録】担当者がお客様に連絡を取り、状況を詳しく確認しました。,対応中
CASE00173,2024-11-06,家電,中,【2024-11-06 受付】イヤホンを接続してもBluetoothがすぐに切れてしまいます。他のデバイスでは問題ないため、製品の不具合ではないかと疑っています。 / 【対応記録】担当者がお客様に連絡を取り、状況を詳しく確認しました。 / 【解決】お客様のご要望に応じた対応を完了しました。ご不便をおかけしました。,解決済み
CASE00237,2024-11-08,家電,低,【2024-11-08 受付】イヤホンを接続してもBluetoothがすぐに切れてしまいます。他のデバイスでは問題ないため、製品の不具合ではないかと疑っています。 / 【対応記録】担当者がお客様に連絡を取り、状況を詳しく確認しました。 / 【解決】お客様のご要望に応じた対応を完了しました。ご不便をおかけしました。,解決済み
CASE00201,2024-11-10,スポーツ,中,【2024-11-10 受付】アウトドアグッズの防水性能について確認したいです。小雨程度は問題ないとのことでしたが、先日の使用で濡れてしまいました。 / 【対応記録】担当者がお客様に連絡を取り、状況を詳しく確認しました。,対応中
CASE00023,2024-11-12,家電,低,【2024-11-12 受付】イヤホンを接続してもBluetoothがすぐに切れてしまいます。他のデバイスでは問題ないため、製品の不具合ではないかと疑っています。 / 【対応記録】担当者がお客様に連絡を取り、状況を詳しく確認しました。,対応中
CASE00245,2024-11-14,スポーツ,低,【2024-11-14 受付】アウトドアグッズの防水性能について確認したいです。小雨程度は問題ないとのことでしたが、先日の使用で濡れてしまいました。 / 【対応記録】担当者がお客様に連絡を取り、状況を詳しく確認しました。 / 【解決】お客様のご要望に応じた対応を完了しました。ご不便をおかけしました。,解決済み
CASE00026,2024-11-17,家電,高,【2024-11-17 受付】ノートPCのバッテリーが急速に消耗します。フル充電から2時間程度しか持ちません。購入時は8時間以上持つとのことでした。 / 【対応記録】担当者がお客様に連絡を取り、状況を詳しく確認しました。 / 【解決】お客様のご要望に応じた対応を完了しました。ご不便をおかけしました。,解決済み
CASE00055,2024-11-17,美容・健康,中,【2024-11-17 受付】サプリメントの服用方法について教えてください。食前と食後のどちらが効果的でしょうか？ / 【対応記録】担当者がお客様に連絡を取り、状況を詳しく確認しました。 / 【解決】お客様のご要望に応じた対応を完了しました。ご不便をおかけしました。,解決済み
CASE00093,2024-11-22,スポーツ,低,【2024-11-22 受付】ランニングシューズのソールが剥がれてきました。購入から6ヶ月ですが、週に3回程度使用しています。保証対応はありますか？ / 【対応記録】担当者がお客様に連絡を取り、状況を詳しく確認しました。,対応中
CASE00183,2024-11-28,美容・健康,低,【2024-11-28 受付】サプリメントの服用方法について教えてください。食前と食後のどちらが効果的でしょうか？ / 【対応記録】担当者がお客様に連絡を取り、状況を詳しく確認しました。,未対応
CASE00024,2024-12-02,スポーツ,中,【2024-12-02 受付】アウトドアグッズの防水性能について確認したいです。小雨程度は問題ないとのことでしたが、先日の使用で濡れてしまいました。 / 【対応記録】担当者がお客様に連絡を取り、状況を詳しく確認しました。,未対応
CASE00130,2024-12-02,衣料品,中,【2024-12-02 受付】カラーが写真と違います。モニターの問題かもしれませんが、実物はかなり暗い色調でイメージと異なりました。 / 【対応記録】担当者がお客様に連絡を取り、状況を詳しく確認しました。,対応中
CASE00146,2024-12-06,スポーツ,高,【2024-12-06 受付】アウトドアグッズの防水性能について確認したいです。小雨程度は問題ないとのことでしたが、先日の使用で濡れてしまいました。 / 【対応記録】担当者がお客様に連絡を取り、状況を詳しく確認しました。 / 【解決】お客様のご要望に応じた対応を完了しました。ご不便をおかけしました。,解決済み
CASE00139,2024-12-10,食品,高,【2024-12-10 受付】定期購入の解約方法を教えてください。マイページから操作しても解約できないエラーが発生します。 / 【対応記録】担当者がお客様に連絡を取り、状況を詳しく確認しました。,未対応
CASE00102,2024-12-12,家電,高,【2024-12-12 受付】ノートPCのバッテリーが急速に消耗します。フル充電から2時間程度しか持ちません。購入時は8時間以上持つとのことでした。 / 【対応記録】担当者がお客様に連絡を取り、状況を詳しく確認しました。 / 【解決】お客様のご要望に応じた対応を完了しました。ご不便をおかけしました。,解決済み
CASE00168,2024-12-13,衣料品,中,【2024-12-13 受付】カラーが写真と違います。モニターの問題かもしれませんが、実物はかなり暗い色調でイメージと異なりました。 / 【対応記録】担当者がお客様に連絡を取り、状況を詳しく確認しました。,未対応
CASE00190,2024-12-14,家電,中,【2024-12-14 受付】イヤホンを接続してもBluetoothがすぐに切れてしまいます。他のデバイスでは問題ないため、製品の不具合ではないかと疑っています。 / 【対応記録】担当者がお客様に連絡を取り、状況を詳しく確認しました。 / 【解決】お客様のご要望に応じた対応を完了しました。ご不便をおかけしました。,解決済み
CASE00195,2024-12-15,食品,高,【2024-12-15 受付】定期購入の解約方法を教えてください。マイページから操作しても解約できないエラーが発生します。 / 【対応記録】担当者がお客様に連絡を取り、状況を詳しく確認しました。,対応中
CASE00285,2024-12-15,衣料品,低,【2024-12-15 受付】洗濯後に縮んでしまいました。洗濯表示通りに洗ったつもりですが、1サイズ小さくなった感覚があります。返品対応は可能ですか？ / 【対応記録】担当者がお客様に連絡を取り、状況を詳しく確認しました。,未対応
CASE00238,2024-12-17,衣料品,低,【2024-12-17 受付】サイズ交換をお願いしたいです。Mサイズを購入しましたが、着用してみると少し小さく感じます。Lサイズと交換可能でしょうか。 / 【対応記録】担当者がお客様に連絡を取り、状況を詳しく確認しました。,対応中
CASE00210,2024-12-23,家電,高,【2024-12-23 受付】スマートウォッチのGPS機能が正確に動作しません。ランニング中に計測した距離が実際より短く表示されます。 / 【対応記録】担当者がお客様に連絡を取り、状況を詳しく確認しました。,対応中
CASE00060,2024-12-27,衣料品,中,【2024-12-27 受付】サイズ交換をお願いしたいです。Mサイズを購入しましたが、着用してみると少し小さく感じます。Lサイズと交換可能でしょうか。 / 【対応記録】担当者がお客様に連絡を取り、状況を詳しく確認しました。,対応中
CASE00281,2024-12-30,家電,低,【2024-12-30 受付】ノートPCのバッテリーが急速に消耗します。フル充電から2時間程度しか持ちません。購入時は8時間以上持つとのことでした。 / 【対応記録】担当者がお客様に連絡を取り、状況を詳しく確認しました。,対応中
CASE00057,2025-01-08,美容・健康,低,【2025-01-08 受付】スキンケア商品を使用後に肌が赤くなってしまいました。敏感肌用とのことでしたが、刺激が強いようです。返品できますか？ / 【対応記録】担当者がお客様に連絡を取り、状況を詳しく確認しました。 / 【解決】お客様のご要望に応じた対応を完了しました。ご不便をおかけしました。,解決済み
CASE00248,2025-01-08,食品,中,【2025-01-08 受付】賞味期限が記載された日より前に開封したところ、異臭がしました。品質管理の問題があるのではないでしょうか。 / 【対応記録】担当者がお客様に連絡を取り、状況を詳しく確認しました。 / 【解決】お客様のご要望に応じた対応を完了しました。ご不便をおかけしました。,解決済み
CASE00045,2025-01-16,家電,高,【2025-01-16 受付】スマートウォッチのGPS機能が正確に動作しません。ランニング中に計測した距離が実際より短く表示されます。 / 【対応記録】担当者がお客様に連絡を取り、状況を詳しく確認しました。,対応中
CASE00287,2025-01-16,スポーツ,高,【2025-01-16 受付】フィットネス器具の組み立て説明書が不明確で、正しく組み立てられているか不安です。動画での説明はありますか？ / 【対応記録】担当者がお客様に連絡を取り、状況を詳しく確認しました。,対応中
CASE00142,2025-01-17,スポーツ,高,【2025-01-17 受付】フィットネス器具の組み立て説明書が不明確で、正しく組み立てられているか不安です。動画での説明はありますか？ / 【対応記録】担当者がお客様に連絡を取り、状況を詳しく確認しました。,未対応
CASE00089,2025-01-21,家電,低,【2025-01-21 受付】イヤホンを接続してもBluetoothがすぐに切れてしまいます。他のデバイスでは問題ないため、製品の不具合ではないかと疑っています。 / 【対応記録】担当者がお客様に連絡を取り、状況を詳しく確認しました。 / 【解決】お客様のご要望に応じた対応を完了しました。ご不便をおかけしました。,解決済み
CASE00160,2025-01-21,美容・健康,低,【2025-01-21 受付】スキンケア商品を使用後に肌が赤くなってしまいました。敏感肌用とのことでしたが、刺激が強いようです。返品できますか？ / 【対応記録】担当者がお客様に連絡を取り、状況を詳しく確認しました。 / 【解決】お客様のご要望に応じた対応を完了しました。ご不便をおかけしました。,解決済み
CASE00182,2025-02-01,衣料品,中,【2025-02-01 受付】洗濯後に縮んでしまいました。洗濯表示通りに洗ったつもりですが、1サイズ小さくなった感覚があります。返品対応は可能ですか？ / 【対応記録】担当者がお客様に連絡を取り、状況を詳しく確認しました。 / 【解決】お客様のご要望に応じた対応を完了しました。ご不便をおかけしました。,解決済み
CASE00236,2025-02-05,食品,低,【2025-02-05 受付】賞味期限が記載された日より前に開封したところ、異臭がしました。品質管理の問題があるのではないでしょうか。 / 【対応記録】担当者がお客様に連絡を取り、状況を詳しく確認しました。 / 【解決】お客様のご要望に応じた対応を完了しました。ご不便をおかけしました。,解決済み
CASE00251,2025-02-10,家電,高,【2025-02-10 受付】スマートフォンの画面が突然暗くなってしまいます。充電は十分あるのですが、何度か電源を入れ直しても改善しません。購入から3ヶ月ほど経ちます。 / 【対応記録】担当者がお客様に連絡を取り、状況を詳しく確認しました。,未対応
CASE00284,2025-02-11,家電,低,【2025-02-11 受付】スマートフォンの画面が突然暗くなってしまいます。充電は十分あるのですが、何度か電源を入れ直しても改善しません。購入から3ヶ月ほど経ちます。 / 【対応記録】担当者がお客様に連絡を取り、状況を詳しく確認しました。,対応中
CASE00289,2025-02-11,スポーツ,低,【2025-02-11 受付】フィットネス器具の組み立て説明書が不明確で、正しく組み立てられているか不安です。動画での説明はありますか？ / 【対応記録】担当者がお客様に連絡を取り、状況を詳しく確認しました。,未対応
CASE00133,2025-02-14,家電,低,【2025-02-14 受付】スマートフォンの画面が突然暗くなってしまいます。充電は十分あるのですが、何度か電源を入れ直しても改善しません。購入から3ヶ月ほど経ちます。 / 【対応記録】担当者がお客様に連絡を取り、状況を詳しく確認しました。,対応中
CASE00149,2025-02-15,衣料品,高,【2025-02-15 受付】カラーが写真と違います。モニターの問題かもしれませんが、実物はかなり暗い色調でイメージと異なりました。 / 【対応記録】担当者がお客様に連絡を取り、状況を詳しく確認しました。 / 【解決】お客様のご要望に応じた対応を完了しました。ご不便をおかけしました。,解決済み
CASE00032,2025-02-16,家電,低,【2025-02-16 受付】スマートフォンの画面が突然暗くなってしまいます。充電は十分あるのですが、何度か電源を入れ直しても改善しません。購入から3ヶ月ほど経ちます。 / 【対応記録】担当者がお客様に連絡を取り、状況を詳しく確認しました。 / 【解決】お客様のご要望に応じた対応を完了しました。ご不便をおかけしました。,解決済み
CASE00180,2025-02-17,スポーツ,低,【2025-02-17 受付】ランニングシューズのソールが剥がれてきました。購入から6ヶ月ですが、週に3回程度使用しています。保証対応はありますか？ / 【対応記録】担当者がお客様に連絡を取り、状況を詳しく確認しました。,対応中
CASE00010,2025-02-18,家電,中,【2025-02-18 受付】スマートウォッチのGPS機能が正確に動作しません。ランニング中に計測した距離が実際より短く表示されます。 / 【対応記録】担当者がお客様に連絡を取り、状況を詳しく確認しました。 / 【解決】お客様のご要望に応じた対応を完了しました。ご不便をおかけしました。,解決済み
CASE00219,2025-02-20,家電,高,【2025-02-20 受付】ノートPCのバッテリーが急速に消耗します。フル充電から2時間程度しか持ちません。購入時は8時間以上持つとのことでした。 / 【対応記録】担当者がお客様に連絡を取り、状況を詳しく確認しました。,対応中
CASE00213,2025-02-21,家電,低,【2025-02-21 受付】イヤホンを接続してもBluetoothがすぐに切れてしまいます。他のデバイスでは問題ないため、製品の不具合ではないかと疑っています。 / 【対応記録】担当者がお客様に連絡を取り、状況を詳しく確認しました。 / 【解決】お客様のご要望に応じた対応を完了しました。ご不便をおかけしました。,解決済み
CASE00247,2025-02-24,衣料品,高,【2025-02-24 受付】カラーが写真と違います。モニターの問題かもしれませんが、実物はかなり暗い色調でイメージと異なりました。 / 【対応記録】担当者がお客様に連絡を取り、状況を詳しく確認しました。,対応中
CASE00279,2025-03-01,家電,中,【2025-03-01 受付】ノートPCのバッテリーが急速に消耗します。フル充電から2時間程度しか持ちません。購入時は8時間以上持つとのことでした。 / 【対応記録】担当者がお客様に連絡を取り、状況を詳しく確認しました。,対応中
CASE00123,2025-03-02,家電,中,【2025-03-02 受付】ノートPCのバッテリーが急速に消耗します。フル充電から2時間程度しか持ちません。購入時は8時間以上持つとのことでした。 / 【対応記録】担当者がお客様に連絡を取り、状況を詳しく確認しました。 / 【解決】お客様のご要望に応じた対応を完了しました。ご不便をおかけしました。,解決済み
CASE00203,2025-03-04,食品,高,【2025-03-04 受付】賞味期限が記載された日より前に開封したところ、異臭がしました。品質管理の問題があるのではないでしょうか。 / 【対応記録】担当者がお客様に連絡を取り、状況を詳しく確認しました。,対応中
CASE00224,2025-03-05,家電,低,【2025-03-05 受付】ノートPCのバッテリーが急速に消耗します。フル充電から2時間程度しか持ちません。購入時は8時間以上持つとのことでした。 / 【対応記録】担当者がお客様に連絡を取り、状況を詳しく確認しました。 / 【解決】お客様のご要望に応じた対応を完了しました。ご不便をおかけしました。,解決済み
CASE00085,2025-03-15,美容・健康,高,【2025-03-15 受付】スキンケア商品を使用後に肌が赤くなってしまいました。敏感肌用とのことでしたが、刺激が強いようです。返品できますか？ / 【対応記録】担当者がお客様に連絡を取り、状況を詳しく確認しました。 / 【解決】お客様のご要望に応じた対応を完了しました。ご不便をおかけしました。,解決済み
CASE00005,2025-03-18,スポーツ,低,【2025-03-18 受付】フィットネス器具の組み立て説明書が不明確で、正しく組み立てられているか不安です。動画での説明はありますか？ / 【対応記録】担当者がお客様に連絡を取り、状況を詳しく確認しました。,対応中
CASE00298,2025-03-18,スポーツ,中,【2025-03-18 受付】ランニングシューズのソールが剥がれてきました。購入から6ヶ月ですが、週に3回程度使用しています。保証対応はありますか？ / 【対応記録】担当者がお客様に連絡を取り、状況を詳しく確認しました。,未対応
CASE00211,2025-03-20,食品,低,【2025-03-20 受付】アレルギー表示について確認したいです。購入した商品の成分表に小麦が含まれているか明記されていませんでした。 / 【対応記録】担当者がお客様に連絡を取り、状況を詳しく確認しました。,未対応
CASE00181,2025-03-22,食品,高,【2025-03-22 受付】定期購入の解約方法を教えてください。マイページから操作しても解約できないエラーが発生します。 / 【対応記録】担当者がお客様に連絡を取り、状況を詳しく確認しました。 / 【解決】お客様のご要望に応じた対応を完了しました。ご不便をおかけしました。,解決済み
CASE00078,2025-03-23,食品,低,【2025-03-23 受付】定期購入の解約方法を教えてください。マイページから操作しても解約できないエラーが発生します。 / 【対応記録】担当者がお客様に連絡を取り、状況を詳しく確認しました。,対応中
CASE00216,2025-03-27,スポーツ,中,【2025-03-27 受付】アウトドアグッズの防水性能について確認したいです。小雨程度は問題ないとのことでしたが、先日の使用で濡れてしまいました。 / 【対応記録】担当者がお客様に連絡を取り、状況を詳しく確認しました。,対応中
CASE00221,2025-03-30,家電,高,【2025-03-30 受付】イヤホンを接続してもBluetoothがすぐに切れてしまいます。他のデバイスでは問題ないため、製品の不具合ではないかと疑っています。 / 【対応記録】担当者がお客様に連絡を取り、状況を詳しく確認しました。,未対応
CASE00059,2025-03-31,食品,高,【2025-03-31 受付】アレルギー表示について確認したいです。購入した商品の成分表に小麦が含まれているか明記されていませんでした。 / 【対応記録】担当者がお客様に連絡を取り、状況を詳しく確認しました。,未対応
CASE00158,2025-04-04,衣料品,高,【2025-04-04 受付】サイズ交換をお願いしたいです。Mサイズを購入しましたが、着用してみると少し小さく感じます。Lサイズと交換可能でしょうか。 / 【対応記録】担当者がお客様に連絡を取り、状況を詳しく確認しました。,対応中
CASE00172,2025-04-07,スポーツ,低,【2025-04-07 受付】アウトドアグッズの防水性能について確認したいです。小雨程度は問題ないとのことでしたが、先日の使用で濡れてしまいました。 / 【対応記録】担当者がお客様に連絡を取り、状況を詳しく確認しました。 / 【解決】お客様のご要望に応じた対応を完了しました。ご不便をおかけしました。,解決済み
CASE00189,2025-04-07,食品,中,【2025-04-07 受付】賞味期限が記載された日より前に開封したところ、異臭がしました。品質管理の問題があるのではないでしょうか。 / 【対応記録】担当者がお客様に連絡を取り、状況を詳しく確認しました。,対応中
CASE00184,2025-04-10,美容・健康,低,【2025-04-10 受付】サプリメントの服用方法について教えてください。食前と食後のどちらが効果的でしょうか？ / 【対応記録】担当者がお客様に連絡を取り、状況を詳しく確認しました。,未対応
CASE00152,2025-04-11,食品,低,【2025-04-11 受付】賞味期限が記載された日より前に開封したところ、異臭がしました。品質管理の問題があるのではないでしょうか。 / 【対応記録】担当者がお客様に連絡を取り、状況を詳しく確認しました。,対応中
CASE00296,2025-04-16,家電,中,【2025-04-16 受付】スマートフォンの画面が突然暗くなってしまいます。充電は十分あるのですが、何度か電源を入れ直しても改善しません。購入から3ヶ月ほど経ちます。 / 【対応記録】担当者がお客様に連絡を取り、状況を詳しく確認しました。 / 【解決】お客様のご要望に応じた対応を完了しました。ご不便をおかけしました。,解決済み
CASE00015,2025-04-18,スポーツ,中,【2025-04-18 受付】ランニングシューズのソールが剥がれてきました。購入から6ヶ月ですが、週に3回程度使用しています。保証対応はありますか？ / 【対応記録】担当者がお客様に連絡を取り、状況を詳しく確認しました。 / 【解決】お客様のご要望に応じた対応を完了しました。ご不便をおかけしました。,解決済み
CASE00145,2025-04-18,衣料品,高,【2025-04-18 受付】洗濯後に縮んでしまいました。洗濯表示通りに洗ったつもりですが、1サイズ小さくなった感覚があります。返品対応は可能ですか？ / 【対応記録】担当者がお客様に連絡を取り、状況を詳しく確認しました。 / 【解決】お客様のご要望に応じた対応を完了しました。ご不便をおかけしました。,解決済み
CASE00025,2025-04-23,衣料品,低,【2025-04-23 受付】サイズ交換をお願いしたいです。Mサイズを購入しましたが、着用してみると少し小さく感じます。Lサイズと交換可能でしょうか。 / 【対応記録】担当者がお客様に連絡を取り、状況を詳しく確認しました。,未対応
CASE00069,2025-04-24,スポーツ,高,【2025-04-24 受付】アウトドアグッズの防水性能について確認したいです。小雨程度は問題ないとのことでしたが、先日の使用で濡れてしまいました。 / 【対応記録】担当者がお客様に連絡を取り、状況を詳しく確認しました。,対応中
CASE00116,2025-04-24,スポーツ,高,【2025-04-24 受付】アウトドアグッズの防水性能について確認したいです。小雨程度は問題ないとのことでしたが、先日の使用で濡れてしまいました。 / 【対応記録】担当者がお客様に連絡を取り、状況を詳しく確認しました。,対応中
CASE00082,2025-04-27,衣料品,中,【2025-04-27 受付】カラーが写真と違います。モニターの問題かもしれませんが、実物はかなり暗い色調でイメージと異なりました。 / 【対応記録】担当者がお客様に連絡を取り、状況を詳しく確認しました。,未対応
CASE00186,2025-04-28,衣料品,高,【2025-04-28 受付】カラーが写真と違います。モニターの問題かもしれませんが、実物はかなり暗い色調でイメージと異なりました。 / 【対応記録】担当者がお客様に連絡を取り、状況を詳しく確認しました。 / 【解決】お客様のご要望に応じた対応を完了しました。ご不便をおかけしました。,解決済み
CASE00215,2025-05-02,家電,中,【2025-05-02 受付】スマートフォンの画面が突然暗くなってしまいます。充電は十分あるのですが、何度か電源を入れ直しても改善しません。購入から3ヶ月ほど経ちます。 / 【対応記録】担当者がお客様に連絡を取り、状況を詳しく確認しました。,未対応
CASE00159,2025-05-06,衣料品,中,【2025-05-06 受付】洗濯後に縮んでしまいました。洗濯表示通りに洗ったつもりですが、1サイズ小さくなった感覚があります。返品対応は可能ですか？ / 【対応記録】担当者がお客様に連絡を取り、状況を詳しく確認しました。,対応中
CASE00115,2025-05-08,スポーツ,中,【2025-05-08 受付】アウトドアグッズの防水性能について確認したいです。小雨程度は問題ないとのことでしたが、先日の使用で濡れてしまいました。 / 【対応記録】担当者がお客様に連絡を取り、状況を詳しく確認しました。,対応中
CASE00122,2025-05-09,家電,低,【2025-05-09 受付】スマートウォッチのGPS機能が正確に動作しません。ランニング中に計測した距離が実際より短く表示されます。 / 【対応記録】担当者がお客様に連絡を取り、状況を詳しく確認しました。 / 【解決】お客様のご要望に応じた対応を完了しました。ご不便をおかけしました。,解決済み
CASE00196,2025-05-10,家電,低,【2025-05-10 受付】スマートフォンの画面が突然暗くなってしまいます。充電は十分あるのですが、何度か電源を入れ直しても改善しません。購入から3ヶ月ほど経ちます。 / 【対応記録】担当者がお客様に連絡を取り、状況を詳しく確認しました。,対応中
CASE00200,2025-05-10,美容・健康,中,【2025-05-10 受付】スキンケア商品を使用後に肌が赤くなってしまいました。敏感肌用とのことでしたが、刺激が強いようです。返品できますか？ / 【対応記録】担当者がお客様に連絡を取り、状況を詳しく確認しました。,対応中
CASE00170,2025-05-12,家電,高,【2025-05-12 受付】スマートウォッチのGPS機能が正確に動作しません。ランニング中に計測した距離が実際より短く表示されます。 / 【対応記録】担当者がお客様に連絡を取り、状況を詳しく確認しました。 / 【解決】お客様のご要望に応じた対応を完了しました。ご不便をおかけしました。,解決済み
CASE00293,2025-05-12,家電,低,【2025-05-12 受付】イヤホンを接続してもBluetoothがすぐに切れてしまいます。他のデバイスでは問題ないため、製品の不具合ではないかと疑っています。 / 【対応記録】担当者がお客様に連絡を取り、状況を詳しく確認しました。,対応中
CASE00270,2025-05-14,衣料品,低,【2025-05-14 受付】洗濯後に縮んでしまいました。洗濯表示通りに洗ったつもりですが、1サイズ小さくなった感覚があります。返品対応は可能ですか？ / 【対応記録】担当者がお客様に連絡を取り、状況を詳しく確認しました。,対応中
CASE00053,2025-05-15,スポーツ,低,【2025-05-15 受付】フィットネス器具の組み立て説明書が不明確で、正しく組み立てられているか不安です。動画での説明はありますか？ / 【対応記録】担当者がお客様に連絡を取り、状況を詳しく確認しました。,対応中
CASE00090,2025-05-15,衣料品,低,【2025-05-15 受付】カラーが写真と違います。モニターの問題かもしれませんが、実物はかなり暗い色調でイメージと異なりました。 / 【対応記録】担当者がお客様に連絡を取り、状況を詳しく確認しました。,未対応
CASE00274,2025-05-15,食品,中,【2025-05-15 受付】賞味期限が記載された日より前に開封したところ、異臭がしました。品質管理の問題があるのではないでしょうか。 / 【対応記録】担当者がお客様に連絡を取り、状況を詳しく確認しました。,対応中
CASE00006,2025-05-19,家電,中,【2025-05-19 受付】イヤホンを接続してもBluetoothがすぐに切れてしまいます。他のデバイスでは問題ないため、製品の不具合ではないかと疑っています。 / 【対応記録】担当者がお客様に連絡を取り、状況を詳しく確認しました。,対応中
CASE00040,2025-05-19,美容・健康,中,【2025-05-19 受付】サプリメントの服用方法について教えてください。食前と食後のどちらが効果的でしょうか？ / 【対応記録】担当者がお客様に連絡を取り、状況を詳しく確認しました。,未対応
CASE00070,2025-05-19,美容・健康,低,【2025-05-19 受付】サプリメントの服用方法について教えてください。食前と食後のどちらが効果的でしょうか？ / 【対応記録】担当者がお客様に連絡を取り、状況を詳しく確認しました。,対応中
CASE00220,2025-05-23,スポーツ,高,【2025-05-23 受付】ランニングシューズのソールが剥がれてきました。購入から6ヶ月ですが、週に3回程度使用しています。保証対応はありますか？ / 【対応記録】担当者がお客様に連絡を取り、状況を詳しく確認しました。,未対応
CASE00020,2025-05-27,食品,中,【2025-05-27 受付】賞味期限が記載された日より前に開封したところ、異臭がしました。品質管理の問題があるのではないでしょうか。 / 【対応記録】担当者がお客様に連絡を取り、状況を詳しく確認しました。,対応中
CASE00031,2025-05-28,家電,中,【2025-05-28 受付】イヤホンを接続してもBluetoothがすぐに切れてしまいます。他のデバイスでは問題ないため、製品の不具合ではないかと疑っています。 / 【対応記録】担当者がお客様に連絡を取り、状況を詳しく確認しました。,未対応
CASE00084,2025-06-02,食品,中,【2025-06-02 受付】定期購入の解約方法を教えてください。マイページから操作しても解約できないエラーが発生します。 / 【対応記録】担当者がお客様に連絡を取り、状況を詳しく確認しました。,未対応
CASE00204,2025-06-08,美容・健康,高,【2025-06-08 受付】スキンケア商品を使用後に肌が赤くなってしまいました。敏感肌用とのことでしたが、刺激が強いようです。返品できますか？ / 【対応記録】担当者がお客様に連絡を取り、状況を詳しく確認しました。,対応中
CASE00106,2025-06-09,衣料品,低,【2025-06-09 受付】洗濯後に縮んでしまいました。洗濯表示通りに洗ったつもりですが、1サイズ小さくなった感覚があります。返品対応は可能ですか？ / 【対応記録】担当者がお客様に連絡を取り、状況を詳しく確認しました。 / 【解決】お客様のご要望に応じた対応を完了しました。ご不便をおかけしました。,解決済み
CASE00260,2025-06-15,スポーツ,低,【2025-06-15 受付】ランニングシューズのソールが剥がれてきました。購入から6ヶ月ですが、週に3回程度使用しています。保証対応はありますか？ / 【対応記録】担当者がお客様に連絡を取り、状況を詳しく確認しました。 / 【解決】お客様のご要望に応じた対応を完了しました。ご不便をおかけしました。,解決済み
CASE00098,2025-06-17,家電,低,【2025-06-17 受付】イヤホンを接続してもBluetoothがすぐに切れてしまいます。他のデバイスでは問題ないため、製品の不具合ではないかと疑っています。 / 【対応記録】担当者がお客様に連絡を取り、状況を詳しく確認しました。,未対応
CASE00125,2025-06-20,食品,中,【2025-06-20 受付】定期購入の解約方法を教えてください。マイページから操作しても解約できないエラーが発生します。 / 【対応記録】担当者がお客様に連絡を取り、状況を詳しく確認しました。,未対応
CASE00259,2025-06-21,衣料品,高,【2025-06-21 受付】カラーが写真と違います。モニターの問題かもしれませんが、実物はかなり暗い色調でイメージと異なりました。 / 【対応記録】担当者がお客様に連絡を取り、状況を詳しく確認しました。,対応中
CASE00250,2025-06-26,美容・健康,低,【2025-06-26 受付】サプリメントの服用方法について教えてください。食前と食後のどちらが効果的でしょうか？ / 【対応記録】担当者がお客様に連絡を取り、状況を詳しく確認しました。,対応中
CASE00276,2025-06-26,スポーツ,高,【2025-06-26 受付】ランニングシューズのソールが剥がれてきました。購入から6ヶ月ですが、週に3回程度使用しています。保証対応はありますか？ / 【対応記録】担当者がお客様に連絡を取り、状況を詳しく確認しました。,未対応
CASE00027,2025-07-03,食品,中,【2025-07-03 受付】賞味期限が記載された日より前に開封したところ、異臭がしました。品質管理の問題があるのではないでしょうか。 / 【対応記録】担当者がお客様に連絡を取り、状況を詳しく確認しました。,対応中
CASE00104,2025-07-06,家電,低,【2025-07-06 受付】イヤホンを接続してもBluetoothがすぐに切れてしまいます。他のデバイスでは問題ないため、製品の不具合ではないかと疑っています。 / 【対応記録】担当者がお客様に連絡を取り、状況を詳しく確認しました。,未対応
CASE00191,2025-07-09,衣料品,高,【2025-07-09 受付】洗濯後に縮んでしまいました。洗濯表示通りに洗ったつもりですが、1サイズ小さくなった感覚があります。返品対応は可能ですか？ / 【対応記録】担当者がお客様に連絡を取り、状況を詳しく確認しました。,未対応
CASE00119,2025-07-10,衣料品,中,【2025-07-10 受付】サイズ交換をお願いしたいです。Mサイズを購入しましたが、着用してみると少し小さく感じます。Lサイズと交換可能でしょうか。 / 【対応記録】担当者がお客様に連絡を取り、状況を詳しく確認しました。,対応中
CASE00164,2025-07-10,衣料品,高,【2025-07-10 受付】サイズ交換をお願いしたいです。Mサイズを購入しましたが、着用してみると少し小さく感じます。Lサイズと交換可能でしょうか。 / 【対応記録】担当者がお客様に連絡を取り、状況を詳しく確認しました。 / 【解決】お客様のご要望に応じた対応を完了しました。ご不便をおかけしました。,解決済み
CASE00058,2025-07-16,衣料品,中,【2025-07-16 受付】カラーが写真と違います。モニターの問題かもしれませんが、実物はかなり暗い色調でイメージと異なりました。 / 【対応記録】担当者がお客様に連絡を取り、状況を詳しく確認しました。,未対応
CASE00028,2025-07-19,家電,低,【2025-07-19 受付】スマートフォンの画面が突然暗くなってしまいます。充電は十分あるのですが、何度か電源を入れ直しても改善しません。購入から3ヶ月ほど経ちます。 / 【対応記録】担当者がお客様に連絡を取り、状況を詳しく確認しました。,未対応
CASE00103,2025-07-19,食品,低,【2025-07-19 受付】定期購入の解約方法を教えてください。マイページから操作しても解約できないエラーが発生します。 / 【対応記録】担当者がお客様に連絡を取り、状況を詳しく確認しました。,未対応
CASE00177,2025-07-22,美容・健康,高,【2025-07-22 受付】スキンケア商品を使用後に肌が赤くなってしまいました。敏感肌用とのことでしたが、刺激が強いようです。返品できますか？ / 【対応記録】担当者がお客様に連絡を取り、状況を詳しく確認しました。,対応中
CASE00042,2025-07-23,食品,中,【2025-07-23 受付】賞味期限が記載された日より前に開封したところ、異臭がしました。品質管理の問題があるのではないでしょうか。 / 【対応記録】担当者がお客様に連絡を取り、状況を詳しく確認しました。,未対応
CASE00249,2025-07-24,食品,低,【2025-07-24 受付】定期購入の解約方法を教えてください。マイページから操作しても解約できないエラーが発生します。 / 【対応記録】担当者がお客様に連絡を取り、状況を詳しく確認しました。,対応中
CASE00267,2025-07-24,スポーツ,中,【2025-07-24 受付】フィットネス器具の組み立て説明書が不明確で、正しく組み立てられているか不安です。動画での説明はありますか？ / 【対応記録】担当者がお客様に連絡を取り、状況を詳しく確認しました。 / 【解決】お客様のご要望に応じた対応を完了しました。ご不便をおかけしました。,解決済み
CASE00256,2025-07-27,食品,高,【2025-07-27 受付】アレルギー表示について確認したいです。購入した商品の成分表に小麦が含まれているか明記されていませんでした。 / 【対応記録】担当者がお客様に連絡を取り、状況を詳しく確認しました。,対応中
CASE00126,2025-07-28,家電,中,【2025-07-28 受付】スマートフォンの画面が突然暗くなってしまいます。充電は十分あるのですが、何度か電源を入れ直しても改善しません。購入から3ヶ月ほど経ちます。 / 【対応記録】担当者がお客様に連絡を取り、状況を詳しく確認しました。,未対応
CASE00007,2025-07-31,家電,低,【2025-07-31 受付】ノートPCのバッテリーが急速に消耗します。フル充電から2時間程度しか持ちません。購入時は8時間以上持つとのことでした。 / 【対応記録】担当者がお客様に連絡を取り、状況を詳しく確認しました。 / 【解決】お客様のご要望に応じた対応を完了しました。ご不便をおかけしました。,解決済み
CASE00167,2025-08-02,美容・健康,高,【2025-08-02 受付】スキンケア商品を使用後に肌が赤くなってしまいました。敏感肌用とのことでしたが、刺激が強いようです。返品できますか？ / 【対応記録】担当者がお客様に連絡を取り、状況を詳しく確認しました。 / 【解決】お客様のご要望に応じた対応を完了しました。ご不便をおかけしました。,解決済み
CASE00232,2025-08-02,衣料品,高,【2025-08-02 受付】洗濯後に縮んでしまいました。洗濯表示通りに洗ったつもりですが、1サイズ小さくなった感覚があります。返品対応は可能ですか？ / 【対応記録】担当者がお客様に連絡を取り、状況を詳しく確認しました。,未対応
CASE00073,2025-08-04,食品,高,【2025-08-04 受付】アレルギー表示について確認したいです。購入した商品の成分表に小麦が含まれているか明記されていませんでした。 / 【対応記録】担当者がお客様に連絡を取り、状況を詳しく確認しました。,対応中
CASE00091,2025-08-04,衣料品,中,【2025-08-04 受付】カラーが写真と違います。モニターの問題かもしれませんが、実物はかなり暗い色調でイメージと異なりました。 / 【対応記録】担当者がお客様に連絡を取り、状況を詳しく確認しました。 / 【解決】お客様のご要望に応じた対応を完了しました。ご不便をおかけしました。,解決済み
CASE00262,2025-08-04,食品,高,【2025-08-04 受付】賞味期限が記載された日より前に開封したところ、異臭がしました。品質管理の問題があるのではないでしょうか。 / 【対応記録】担当者がお客様に連絡を取り、状況を詳しく確認しました。,対応中
CASE00136,2025-08-05,家電,低,【2025-08-05 受付】スマートフォンの画面が突然暗くなってしまいます。充電は十分あるのですが、何度か電源を入れ直しても改善しません。購入から3ヶ月ほど経ちます。 / 【対応記録】担当者がお客様に連絡を取り、状況を詳しく確認しました。,未対応
CASE00043,2025-08-08,食品,低,【2025-08-08 受付】賞味期限が記載された日より前に開封したところ、異臭がしました。品質管理の問題があるのではないでしょうか。 / 【対応記録】担当者がお客様に連絡を取り、状況を詳しく確認しました。 / 【解決】お客様のご要望に応じた対応を完了しました。ご不便をおかけしました。,解決済み
CASE00165,2025-08-08,食品,低,【2025-08-08 受付】賞味期限が記載された日より前に開封したところ、異臭がしました。品質管理の問題があるのではないでしょうか。 / 【対応記録】担当者がお客様に連絡を取り、状況を詳しく確認しました。,対応中
CASE00117,2025-08-09,家電,低,【2025-08-09 受付】スマートフォンの画面が突然暗くなってしまいます。充電は十分あるのですが、何度か電源を入れ直しても改善しません。購入から3ヶ月ほど経ちます。 / 【対応記録】担当者がお客様に連絡を取り、状況を詳しく確認しました。,対応中
CASE00263,2025-08-13,食品,中,【2025-08-13 受付】定期購入の解約方法を教えてください。マイページから操作しても解約できないエラーが発生します。 / 【対応記録】担当者がお客様に連絡を取り、状況を詳しく確認しました。 / 【解決】お客様のご要望に応じた対応を完了しました。ご不便をおかけしました。,解決済み
CASE00144,2025-08-16,食品,高,【2025-08-16 受付】アレルギー表示について確認したいです。購入した商品の成分表に小麦が含まれているか明記されていませんでした。 / 【対応記録】担当者がお客様に連絡を取り、状況を詳しく確認しました。,対応中
CASE00208,2025-08-16,家電,低,【2025-08-16 受付】スマートフォンの画面が突然暗くなってしまいます。充電は十分あるのですが、何度か電源を入れ直しても改善しません。購入から3ヶ月ほど経ちます。 / 【対応記録】担当者がお客様に連絡を取り、状況を詳しく確認しました。,未対応
CASE00188,2025-08-17,衣料品,低,【2025-08-17 受付】カラーが写真と違います。モニターの問題かもしれませんが、実物はかなり暗い色調でイメージと異なりました。 / 【対応記録】担当者がお客様に連絡を取り、状況を詳しく確認しました。,対応中
CASE00001,2025-08-19,スポーツ,中,【2025-08-19 受付】アウトドアグッズの防水性能について確認したいです。小雨程度は問題ないとのことでしたが、先日の使用で濡れてしまいました。 / 【対応記録】担当者がお客様に連絡を取り、状況を詳しく確認しました。 / 【解決】お客様のご要望に応じた対応を完了しました。ご不便をおかけしました。,解決済み
CASE00029,2025-08-19,衣料品,中,【2025-08-19 受付】カラーが写真と違います。モニターの問題かもしれませんが、実物はかなり暗い色調でイメージと異なりました。 / 【対応記録】担当者がお客様に連絡を取り、状況を詳しく確認しました。,対応中
CASE00197,2025-08-20,スポーツ,低,【2025-08-20 受付】アウトドアグッズの防水性能について確認したいです。小雨程度は問題ないとのことでしたが、先日の使用で濡れてしまいました。 / 【対応記録】担当者がお客様に連絡を取り、状況を詳しく確認しました。,対応中
CASE00192,2025-08-23,衣料品,中,【2025-08-23 受付】洗濯後に縮んでしまいました。洗濯表示通りに洗ったつもりですが、1サイズ小さくなった感覚があります。返品対応は可能ですか？ / 【対応記録】担当者がお客様に連絡を取り、状況を詳しく確認しました。,未対応
CASE00257,2025-08-29,衣料品,低,【2025-08-29 受付】カラーが写真と違います。モニターの問題かもしれませんが、実物はかなり暗い色調でイメージと異なりました。 / 【対応記録】担当者がお客様に連絡を取り、状況を詳しく確認しました。,未対応
CASE00012,2025-08-30,スポーツ,高,【2025-08-30 受付】ランニングシューズのソールが剥がれてきました。購入から6ヶ月ですが、週に3回程度使用しています。保証対応はありますか？ / 【対応記録】担当者がお客様に連絡を取り、状況を詳しく確認しました。,対応中
CASE00217,2025-09-02,食品,高,【2025-09-02 受付】賞味期限が記載された日より前に開封したところ、異臭がしました。品質管理の問題があるのではないでしょうか。 / 【対応記録】担当者がお客様に連絡を取り、状況を詳しく確認しました。,対応中
CASE00054,2025-09-03,家電,中,【2025-09-03 受付】ノートPCのバッテリーが急速に消耗します。フル充電から2時間程度しか持ちません。購入時は8時間以上持つとのことでした。 / 【対応記録】担当者がお客様に連絡を取り、状況を詳しく確認しました。,未対応
CASE00212,2025-09-03,家電,低,【2025-09-03 受付】ノートPCのバッテリーが急速に消耗します。フル充電から2時間程度しか持ちません。購入時は8時間以上持つとのことでした。 / 【対応記録】担当者がお客様に連絡を取り、状況を詳しく確認しました。,未対応
CASE00030,2025-09-04,衣料品,中,【2025-09-04 受付】洗濯後に縮んでしまいました。洗濯表示通りに洗ったつもりですが、1サイズ小さくなった感覚があります。返品対応は可能ですか？ / 【対応記録】担当者がお客様に連絡を取り、状況を詳しく確認しました。,対応中
CASE00147,2025-09-04,衣料品,中,【2025-09-04 受付】サイズ交換をお願いしたいです。Mサイズを購入しましたが、着用してみると少し小さく感じます。Lサイズと交換可能でしょうか。 / 【対応記録】担当者がお客様に連絡を取り、状況を詳しく確認しました。,未対応
CASE00047,2025-09-15,食品,高,【2025-09-15 受付】定期購入の解約方法を教えてください。マイページから操作しても解約できないエラーが発生します。 / 【対応記録】担当者がお客様に連絡を取り、状況を詳しく確認しました。,対応中
CASE00234,2025-09-18,食品,高,【2025-09-18 受付】賞味期限が記載された日より前に開封したところ、異臭がしました。品質管理の問題があるのではないでしょうか。 / 【対応記録】担当者がお客様に連絡を取り、状況を詳しく確認しました。,未対応
CASE00003,2025-09-19,衣料品,低,【2025-09-19 受付】洗濯後に縮んでしまいました。洗濯表示通りに洗ったつもりですが、1サイズ小さくなった感覚があります。返品対応は可能ですか？ / 【対応記録】担当者がお客様に連絡を取り、状況を詳しく確認しました。,未対応
CASE00009,2025-09-19,食品,中,【2025-09-19 受付】定期購入の解約方法を教えてください。マイページから操作しても解約できないエラーが発生します。 / 【対応記録】担当者がお客様に連絡を取り、状況を詳しく確認しました。 / 【解決】お客様のご要望に応じた対応を完了しました。ご不便をおかけしました。,解決済み
CASE00016,2025-09-21,衣料品,低,【2025-09-21 受付】洗濯後に縮んでしまいました。洗濯表示通りに洗ったつもりですが、1サイズ小さくなった感覚があります。返品対応は可能ですか？ / 【対応記録】担当者がお客様に連絡を取り、状況を詳しく確認しました。 / 【解決】お客様のご要望に応じた対応を完了しました。ご不便をおかけしました。,解決済み
CASE00131,2025-09-21,食品,中,【2025-09-21 受付】アレルギー表示について確認したいです。購入した商品の成分表に小麦が含まれているか明記されていませんでした。 / 【対応記録】担当者がお客様に連絡を取り、状況を詳しく確認しました。,対応中
CASE00049,2025-09-22,美容・健康,低,【2025-09-22 受付】サプリメントの服用方法について教えてください。食前と食後のどちらが効果的でしょうか？ / 【対応記録】担当者がお客様に連絡を取り、状況を詳しく確認しました。 / 【解決】お客様のご要望に応じた対応を完了しました。ご不便をおかけしました。,解決済み
CASE00229,2025-09-23,美容・健康,中,【2025-09-23 受付】スキンケア商品を使用後に肌が赤くなってしまいました。敏感肌用とのことでしたが、刺激が強いようです。返品できますか？ / 【対応記録】担当者がお客様に連絡を取り、状況を詳しく確認しました。 / 【解決】お客様のご要望に応じた対応を完了しました。ご不便をおかけしました。,解決済み
CASE00092,2025-09-25,食品,中,【2025-09-25 受付】定期購入の解約方法を教えてください。マイページから操作しても解約できないエラーが発生します。 / 【対応記録】担当者がお客様に連絡を取り、状況を詳しく確認しました。,対応中
CASE00094,2025-10-06,衣料品,中,【2025-10-06 受付】洗濯後に縮んでしまいました。洗濯表示通りに洗ったつもりですが、1サイズ小さくなった感覚があります。返品対応は可能ですか？ / 【対応記録】担当者がお客様に連絡を取り、状況を詳しく確認しました。,対応中
CASE00243,2025-10-08,衣料品,高,【2025-10-08 受付】カラーが写真と違います。モニターの問題かもしれませんが、実物はかなり暗い色調でイメージと異なりました。 / 【対応記録】担当者がお客様に連絡を取り、状況を詳しく確認しました。,未対応
CASE00039,2025-10-10,家電,中,【2025-10-10 受付】スマートウォッチのGPS機能が正確に動作しません。ランニング中に計測した距離が実際より短く表示されます。 / 【対応記録】担当者がお客様に連絡を取り、状況を詳しく確認しました。 / 【解決】お客様のご要望に応じた対応を完了しました。ご不便をおかけしました。,解決済み
CASE00166,2025-10-12,美容・健康,中,【2025-10-12 受付】スキンケア商品を使用後に肌が赤くなってしまいました。敏感肌用とのことでしたが、刺激が強いようです。返品できますか？ / 【対応記録】担当者がお客様に連絡を取り、状況を詳しく確認しました。,未対応
CASE00036,2025-10-15,衣料品,高,【2025-10-15 受付】洗濯後に縮んでしまいました。洗濯表示通りに洗ったつもりですが、1サイズ小さくなった感覚があります。返品対応は可能ですか？ / 【対応記録】担当者がお客様に連絡を取り、状況を詳しく確認しました。,対応中
CASE00052,2025-10-23,衣料品,高,【2025-10-23 受付】洗濯後に縮んでしまいました。洗濯表示通りに洗ったつもりですが、1サイズ小さくなった感覚があります。返品対応は可能ですか？ / 【対応記録】担当者がお客様に連絡を取り、状況を詳しく確認しました。,未対応
CASE00022,2025-10-25,家電,中,【2025-10-25 受付】スマートウォッチのGPS機能が正確に動作しません。ランニング中に計測した距離が実際より短く表示されます。 / 【対応記録】担当者がお客様に連絡を取り、状況を詳しく確認しました。,未対応
CASE00280,2025-10-27,家電,高,【2025-10-27 受付】スマートウォッチのGPS機能が正確に動作しません。ランニング中に計測した距離が実際より短く表示されます。 / 【対応記録】担当者がお客様に連絡を取り、状況を詳しく確認しました。 / 【解決】お客様のご要望に応じた対応を完了しました。ご不便をおかけしました。,解決済み
CASE00218,2025-10-31,衣料品,低,【2025-10-31 受付】サイズ交換をお願いしたいです。Mサイズを購入しましたが、着用してみると少し小さく感じます。Lサイズと交換可能でしょうか。 / 【対応記録】担当者がお客様に連絡を取り、状況を詳しく確認しました。,未対応
CASE00273,2025-11-02,衣料品,高,【2025-11-02 受付】カラーが写真と違います。モニターの問題かもしれませんが、実物はかなり暗い色調でイメージと異なりました。 / 【対応記録】担当者がお客様に連絡を取り、状況を詳しく確認しました。 / 【解決】お客様のご要望に応じた対応を完了しました。ご不便をおかけしました。,解決済み
CASE00088,2025-11-04,家電,高,【2025-11-04 受付】ノートPCのバッテリーが急速に消耗します。フル充電から2時間程度しか持ちません。購入時は8時間以上持つとのことでした。 / 【対応記録】担当者がお客様に連絡を取り、状況を詳しく確認しました。,対応中
CASE00277,2025-11-05,食品,高,【2025-11-05 受付】定期購入の解約方法を教えてください。マイページから操作しても解約できないエラーが発生します。 / 【対応記録】担当者がお客様に連絡を取り、状況を詳しく確認しました。,未対応
CASE00110,2025-11-08,スポーツ,高,【2025-11-08 受付】フィットネス器具の組み立て説明書が不明確で、正しく組み立てられているか不安です。動画での説明はありますか？ / 【対応記録】担当者がお客様に連絡を取り、状況を詳しく確認しました。 / 【解決】お客様のご要望に応じた対応を完了しました。ご不便をおかけしました。,解決済み
CASE00294,2025-11-10,スポーツ,低,【2025-11-10 受付】フィットネス器具の組み立て説明書が不明確で、正しく組み立てられているか不安です。動画での説明はありますか？ / 【対応記録】担当者がお客様に連絡を取り、状況を詳しく確認しました。,対応中
CASE00076,2025-11-11,家電,低,【2025-11-11 受付】スマートフォンの画面が突然暗くなってしまいます。充電は十分あるのですが、何度か電源を入れ直しても改善しません。購入から3ヶ月ほど経ちます。 / 【対応記録】担当者がお客様に連絡を取り、状況を詳しく確認しました。,対応中
CASE00118,2025-11-11,スポーツ,高,【2025-11-11 受付】ランニングシューズのソールが剥がれてきました。購入から6ヶ月ですが、週に3回程度使用しています。保証対応はありますか？ / 【対応記録】担当者がお客様に連絡を取り、状況を詳しく確認しました。,対応中
CASE00099,2025-11-12,食品,中,【2025-11-12 受付】定期購入の解約方法を教えてください。マイページから操作しても解約できないエラーが発生します。 / 【対応記録】担当者がお客様に連絡を取り、状況を詳しく確認しました。,未対応
CASE00264,2025-11-13,美容・健康,中,【2025-11-13 受付】スキンケア商品を使用後に肌が赤くなってしまいました。敏感肌用とのことでしたが、刺激が強いようです。返品できますか？ / 【対応記録】担当者がお客様に連絡を取り、状況を詳しく確認しました。,対応中
CASE00081,2025-11-16,食品,低,【2025-11-16 受付】アレルギー表示について確認したいです。購入した商品の成分表に小麦が含まれているか明記されていませんでした。 / 【対応記録】担当者がお客様に連絡を取り、状況を詳しく確認しました。 / 【解決】お客様のご要望に応じた対応を完了しました。ご不便をおかけしました。,解決済み
CASE00299,2025-11-16,家電,低,【2025-11-16 受付】ノートPCのバッテリーが急速に消耗します。フル充電から2時間程度しか持ちません。購入時は8時間以上持つとのことでした。 / 【対応記録】担当者がお客様に連絡を取り、状況を詳しく確認しました。 / 【解決】お客様のご要望に応じた対応を完了しました。ご不便をおかけしました。,解決済み
CASE00233,2025-11-27,スポーツ,中,【2025-11-27 受付】アウトドアグッズの防水性能について確認したいです。小雨程度は問題ないとのことでしたが、先日の使用で濡れてしまいました。 / 【対応記録】担当者がお客様に連絡を取り、状況を詳しく確認しました。 / 【解決】お客様のご要望に応じた対応を完了しました。ご不便をおかけしました。,解決済み
CASE00282,2025-11-27,美容・健康,中,【2025-11-27 受付】スキンケア商品を使用後に肌が赤くなってしまいました。敏感肌用とのことでしたが、刺激が強いようです。返品できますか？ / 【対応記録】担当者がお客様に連絡を取り、状況を詳しく確認しました。,対応中
CASE00272,2025-11-28,家電,低,【2025-11-28 受付】ノートPCのバッテリーが急速に消耗します。フル充電から2時間程度しか持ちません。購入時は8時間以上持つとのことでした。 / 【対応記録】担当者がお客様に連絡を取り、状況を詳しく確認しました。,未対応
CASE00135,2025-11-29,家電,中,【2025-11-29 受付】スマートフォンの画面が突然暗くなってしまいます。充電は十分あるのですが、何度か電源を入れ直しても改善しません。購入から3ヶ月ほど経ちます。 / 【対応記録】担当者がお客様に連絡を取り、状況を詳しく確認しました。,対応中
CASE00134,2025-12-02,衣料品,低,【2025-12-02 受付】カラーが写真と違います。モニターの問題かもしれませんが、実物はかなり暗い色調でイメージと異なりました。 / 【対応記録】担当者がお客様に連絡を取り、状況を詳しく確認しました。 / 【解決】お客様のご要望に応じた対応を完了しました。ご不便をおかけしました。,解決済み
CASE00096,2025-12-03,食品,中,【2025-12-03 受付】定期購入の解約方法を教えてください。マイページから操作しても解約できないエラーが発生します。 / 【対応記録】担当者がお客様に連絡を取り、状況を詳しく確認しました。,対応中
CASE00018,2025-12-11,スポーツ,高,【2025-12-11 受付】フィットネス器具の組み立て説明書が不明確で、正しく組み立てられているか不安です。動画での説明はありますか？ / 【対応記録】担当者がお客様に連絡を取り、状況を詳しく確認しました。,対応中
CASE00041,2025-12-11,衣料品,高,【2025-12-11 受付】サイズ交換をお願いしたいです。Mサイズを購入しましたが、着用してみると少し小さく感じます。Lサイズと交換可能でしょうか。 / 【対応記録】担当者がお客様に連絡を取り、状況を詳しく確認しました。,対応中
CASE00074,2025-12-12,衣料品,高,【2025-12-12 受付】洗濯後に縮んでしまいました。洗濯表示通りに洗ったつもりですが、1サイズ小さくなった感覚があります。返品対応は可能ですか？ / 【対応記録】担当者がお客様に連絡を取り、状況を詳しく確認しました。,未対応
CASE00174,2025-12-16,食品,中,【2025-12-16 受付】アレルギー表示について確認したいです。購入した商品の成分表に小麦が含まれているか明記されていませんでした。 / 【対応記録】担当者がお客様に連絡を取り、状況を詳しく確認しました。 / 【解決】お客様のご要望に応じた対応を完了しました。ご不便をおかけしました。,解決済み
CASE00095,2025-12-17,衣料品,中,【2025-12-17 受付】サイズ交換をお願いしたいです。Mサイズを購入しましたが、着用してみると少し小さく感じます。Lサイズと交換可能でしょうか。 / 【対応記録】担当者がお客様に連絡を取り、状況を詳しく確認しました。 / 【解決】お客様のご要望に応じた対応を完了しました。ご不便をおかけしました。,解決済み
CASE00269,2025-12-19,家電,低,【2025-12-19 受付】スマートフォンの画面が突然暗くなってしまいます。充電は十分あるのですが、何度か電源を入れ直しても改善しません。購入から3ヶ月ほど経ちます。 / 【対応記録】担当者がお客様に連絡を取り、状況を詳しく確認しました。 / 【解決】お客様のご要望に応じた対応を完了しました。ご不便をおかけしました。,解決済み
CASE00056,2025-12-21,家電,低,【2025-12-21 受付】ノートPCのバッテリーが急速に消耗します。フル充電から2時間程度しか持ちません。購入時は8時間以上持つとのことでした。 / 【対応記録】担当者がお客様に連絡を取り、状況を詳しく確認しました。 / 【解決】お客様のご要望に応じた対応を完了しました。ご不便をおかけしました。,解決済み
CASE00062,2025-12-21,スポーツ,中,【2025-12-21 受付】フィットネス器具の組み立て説明書が不明確で、正しく組み立てられているか不安です。動画での説明はありますか？ / 【対応記録】担当者がお客様に連絡を取り、状況を詳しく確認しました。,未対応
CASE00295,2025-12-21,家電,低,【2025-12-21 受付】イヤホンを接続してもBluetoothがすぐに切れてしまいます。他のデバイスでは問題ないため、製品の不具合ではないかと疑っています。 / 【対応記録】担当者がお客様に連絡を取り、状況を詳しく確認しました。,未対応
CASE00140,2025-12-23,美容・健康,低,【2025-12-23 受付】スキンケア商品を使用後に肌が赤くなってしまいました。敏感肌用とのことでしたが、刺激が強いようです。返品できますか？ / 【対応記録】担当者がお客様に連絡を取り、状況を詳しく確認しました。,対応中
CASE00161,2025-12-23,食品,高,【2025-12-23 受付】賞味期限が記載された日より前に開封したところ、異臭がしました。品質管理の問題があるのではないでしょうか。 / 【対応記録】担当者がお客様に連絡を取り、状況を詳しく確認しました。 / 【解決】お客様のご要望に応じた対応を完了しました。ご不便をおかけしました。,解決済み
CASE00083,2025-12-25,衣料品,高,【2025-12-25 受付】カラーが写真と違います。モニターの問題かもしれませんが、実物はかなり暗い色調でイメージと異なりました。 / 【対応記録】担当者がお客様に連絡を取り、状況を詳しく確認しました。 / 【解決】お客様のご要望に応じた対応を完了しました。ご不便をおかけしました。,解決済み
CASE00231,2025-12-26,スポーツ,中,【2025-12-26 受付】アウトドアグッズの防水性能について確認したいです。小雨程度は問題ないとのことでしたが、先日の使用で濡れてしまいました。 / 【対応記録】担当者がお客様に連絡を取り、状況を詳しく確認しました。 / 【解決】お客様のご要望に応じた対応を完了しました。ご不便をおかけしました。,解決済み
CASE00137,2025-12-27,衣料品,低,【2025-12-27 受付】カラーが写真と違います。モニターの問題かもしれませんが、実物はかなり暗い色調でイメージと異なりました。 / 【対応記録】担当者がお客様に連絡を取り、状況を詳しく確認しました。,対応中
CASE00044,2025-12-30,衣料品,中,【2025-12-30 受付】サイズ交換をお願いしたいです。Mサイズを購入しましたが、着用してみると少し小さく感じます。Lサイズと交換可能でしょうか。 / 【対応記録】担当者がお客様に連絡を取り、状況を詳しく確認しました。,対応中
